polymer_name,type,applications,density,glass_transition_temperature,melting_point,tensile_strength,elongation,pubchem_cid,wiki_link,formula,recyclability,fun_fact,youtube_link
Polyethylene (PE),Thermoplastic,"Packaging; Bottles; Plastic Bags",0.94,-100,125,15 MPa,500%,6324,https://en.wikipedia.org/wiki/Polyethylene,(C2H4)n,Highly Recyclable (Code 2),"PE is the most common plastic, making up over 30% of global plastic production.",https://www.youtube.com/results?search_query=Polyethylene+polymer
Polyvinyl Chloride (PVC),Thermoplastic,"Pipes; Window Frames; Cables",1.38,82,212,50 MPa,40%,6325,https://en.wikipedia.org/wiki/Polyvinyl_chloride,(C2H3Cl)n,Difficult (Code 3),"PVC was synthesized accidentally in 1872 when vinyl chloride gas was left in the sun.",https://www.youtube.com/results?search_query=Polyvinyl+Chloride+material
Polystyrene (PS),Thermoplastic,"Cutlery; CD Cases; Insulation",1.05,100,240,40 MPa,2%,7150,https://en.wikipedia.org/wiki/Polystyrene,(C8H8)n,Difficult (Code 6),"Styrofoam is just expanded Polystyrene, consisting of 98% air!",https://www.youtube.com/results?search_query=Polystyrene+polymer
Polyethylene Terephthalate (PET),Thermoplastic,"Beverage Bottles; Clothing Fibers",1.38,70,260,55 MPa,120%,354399,https://en.wikipedia.org/wiki/Polyethylene_terephthalate,(C10H8O4)n,Highly Recyclable (Code 1),"When spun into fibers, PET is commonly known as 'Polyester' in the clothing industry.",https://www.youtube.com/results?search_query=PET+polymer
Polytetrafluoroethylene (PTFE),Thermoplastic,"Non-stick Coatings; Gaskets",2.20,115,327,20 MPa,300%,9554,https://en.wikipedia.org/wiki/Polytetrafluoroethylene,(C2F4)n,Rarely recycled,"Teflon is so slippery that geckos cannot stick to it!",https://www.youtube.com/results?search_query=Polytetrafluoroethylene
Nylon 6-6 (Polyamide),Thermoplastic,"Textiles; Carpets; Gears",1.14,50,265,80 MPa,150%,6052,https://en.wikipedia.org/wiki/Nylon_66,(C12H22N2O2)n,Can be recycled,"Nylon sparked the 'Nylon Riots' of 1940 when millions of women rushed to buy stockings.",https://www.youtube.com/results?search_query=Nylon+66+polymer
Polypropylene (PP),Thermoplastic,"Hinges; Automotive Parts",0.90,-10,160,35 MPa,400%,8028,https://en.wikipedia.org/wiki/Polypropylene,(C3H6)n,Widely Recycled (Code 5),"PP has incredible fatigue resistance, making it perfect for 'living hinges' on Tic-Tac boxes.",https://www.youtube.com/results?search_query=Polypropylene+polymer
Polycarbonate (PC),Thermoplastic,"Bulletproof Glass; Eyewear",1.20,147,225,70 MPa,100%,3324,https://en.wikipedia.org/wiki/Polycarbonate,(C15H16O2)n,Can be recycled (Code 7),"PC is used to make astronaut helmet visors because of its extreme impact resistance.",https://www.youtube.com/results?search_query=Polycarbonate+material
Poly(methyl methacrylate) (PMMA),Thermoplastic,"Acrylic Glass; Lenses; Signs",1.18,105,160,70 MPa,5%,6658,https://en.wikipedia.org/wiki/Poly(methyl_methacrylate),(C5H8O2)n,Can be recycled,"Commonly known as Plexiglass, PMMA transmits more light than standard glass.",https://www.youtube.com/results?search_query=PMMA+polymer
Polyurethane (PU),Thermoset,"Foams; Spandex; Insulation",1.20,-50,Amorphous,40 MPa,300%,31235,https://en.wikipedia.org/wiki/Polyurethane,(C25H42N2O6)n,Hard to recycle,"PU is the core ingredient in memory foam mattresses and bowling balls.",https://www.youtube.com/results?search_query=Polyurethane+polymer
Polydimethylsiloxane (PDMS),Elastomer,"Microfluidics; Sealants",0.97,-125,-40,10 MPa,400%,24705,https://en.wikipedia.org/wiki/Polydimethylsiloxane,(C2H6OSi)n,Hard to recycle,"PDMS is the main component in Silly Putty, giving it viscoelastic properties.",https://www.youtube.com/results?search_query=PDMS+polymer
Polylactic Acid (PLA),Biopolymer,"3D Printing; Biodegradable Cups",1.24,60,150,50 MPa,6%,61503,https://en.wikipedia.org/wiki/Polylactic_acid,(C3H4O2)n,Compostable (Code 7),"PLA is derived from fermented plant starch, usually corn or sugarcane, instead of petroleum.",https://www.youtube.com/results?search_query=Polylactic+Acid+3D+printing
Acrylonitrile Butadiene Styrene (ABS),Thermoplastic,"LEGO Bricks; 3D Printing",1.06,105,Amorphous,40 MPa,20%,6569,https://en.wikipedia.org/wiki/Acrylonitrile_butadiene_styrene,(C8H8·C4H6·C3H3N)n,Can be recycled,"ABS is so tough that LEGO bricks can withstand up to 4,240 Newtons of force before breaking.",https://www.youtube.com/results?search_query=ABS+polymer
Epoxy Resin (DGEBA),Thermoset,"Adhesives; Coatings; Composites",1.16,70,Amorphous,85 MPa,4%,2284,https://en.wikipedia.org/wiki/Epoxy,(C21H24O4)n,Not recyclable,"Once cured, Epoxy undergoes a chemical reaction that makes it permanently cross-linked.",https://www.youtube.com/results?search_query=Epoxy+Resin+chemistry
Kevlar (Polyaramid),Thermoplastic,"Bulletproof Vests; Ropes",1.44,340,Amorphous,3620 MPa,3%,74900,https://en.wikipedia.org/wiki/Kevlar,(C14H10N2O2)n,Difficult to recycle,"Kevlar is 5 times stronger than steel on an equal weight basis.",https://www.youtube.com/results?search_query=Kevlar+polymer
Cellulose,Biopolymer,"Paper; Cotton; Rayon Fibers",1.50,Amorphous,Amorphous,N/A,N/A,439178,https://en.wikipedia.org/wiki/Cellulose,(C6H10O5)n,Highly Recyclable,"Cellulose is the most abundant organic polymer on Earth.",https://www.youtube.com/results?search_query=Cellulose+polymer
Polyisoprene (Natural Rubber),Elastomer,"Tires; Footwear; Rubber Bands",0.92,-70,24,25 MPa,700%,6559,https://en.wikipedia.org/wiki/Natural_rubber,(C5H8)n,Downcycled,"Natural rubber is tapped directly from the Hevea brasiliensis tree as latex.",https://www.youtube.com/results?search_query=Natural+Rubber+polyisoprene
Polychloroprene (Neoprene),Elastomer,"Wetsuits; Electrical Insulation",1.23,-40,45,20 MPa,500%,31369,https://en.wikipedia.org/wiki/Neoprene,(C4H5Cl)n,Hard to recycle,"Neoprene was the first mass-produced synthetic rubber, invented by DuPont in 1930.",https://www.youtube.com/results?search_query=Neoprene+polymer
Polyethylene Glycol (PEG),Thermoplastic,"Medical Delivery; Creams",1.13,-65,65,15 MPa,50%,174,https://en.wikipedia.org/wiki/Polyethylene_glycol,(C2H4O)n,Water Soluble,"PEG is biologically inert and is used as the lipid coating in mRNA vaccines.",https://www.youtube.com/results?search_query=Polyethylene+glycol
Polyvinyl Alcohol (PVA),Thermoplastic,"Water-Soluble Films; Slime",1.19,85,200,40 MPa,10%,11199,https://en.wikipedia.org/wiki/Polyvinyl_alcohol,(C2H4O)n,Water Soluble,"PVA is the polymer used in Tide Pods because it completely dissolves in water.",https://www.youtube.com/results?search_query=Polyvinyl+Alcohol
Polyoxymethylene (POM/Acetal),Thermoplastic,"Gears; Zippers; Fasteners",1.41,-75,175,65 MPa,40%,712,https://en.wikipedia.org/wiki/Polyoxymethylene,(CH2O)n,Can be recycled,"POM has highly crystalline structure giving it incredibly low friction.",https://www.youtube.com/results?search_query=Polyoxymethylene+Delrin
Polyether Ether Ketone (PEEK_Classic),Thermoplastic,"Aerospace Parts; Implants",1.32,143,343,100 MPa,20%,62425,https://en.wikipedia.org/wiki/Polyether_ether_ketone,(C19H12O3)n,Can be recycled,"PEEK is so biologically inert and strong that it is used to replace human bones.",https://www.youtube.com/results?search_query=PEEK+polymer
Polyvinylidene Fluoride (PVDF),Thermoplastic,"Piping; Battery Binders",1.78,-35,171,50 MPa,100%,11646,https://en.wikipedia.org/wiki/Polyvinylidene_fluoride,(C2H2F2)n,Hard to recycle,"PVDF is highly piezoelectric, meaning it generates electricity when squeezed!",https://www.youtube.com/results?search_query=PVDF+polymer
Polyacrylonitrile (PAN),Thermoplastic,"Carbon Fiber Precursor",1.18,95,319,70 MPa,5%,7848,https://en.wikipedia.org/wiki/Polyacrylonitrile,(C3H3N)n,Hard to recycle,"Almost all modern Carbon Fiber is made by baking PAN at extremely high temperatures.",https://www.youtube.com/results?search_query=Polyacrylonitrile
Polybutylene Terephthalate (PBT),Thermoplastic,"Electrical Connectors; Keycaps",1.31,60,223,50 MPa,300%,354400,https://en.wikipedia.org/wiki/Polybutylene_terephthalate,(C12H12O4)n,Can be recycled,"PBT is heavily used to make high-quality mechanical keyboard caps because it resists shine.",https://www.youtube.com/results?search_query=PBT+polymer
Styrene-Butadiene Rubber (SBR),Elastomer,"Car Tires; Shoe Soles",0.94,-50,Amorphous,20 MPa,500%,8073,https://en.wikipedia.org/wiki/Styrene-butadiene,(C8H8·C4H6)n,Downcycled,"SBR accounts for more than 50% of all synthetic rubber produced globally.",https://www.youtube.com/results?search_query=Styrene-butadiene+rubber
Nitrile Rubber (NBR),Elastomer,"Lab Gloves; O-rings",1.00,-40,Amorphous,15 MPa,300%,6569,https://en.wikipedia.org/wiki/Nitrile_rubber,(C3H3N·C4H6)n,Hard to recycle,"Unlike natural rubber, NBR is highly resistant to oils, greases, and gasoline.",https://www.youtube.com/results?search_query=Nitrile+rubber
Phenol Formaldehyde (Bakelite),Thermoset,"Circuit Boards; Billiard Balls",1.25,150,Amorphous,50 MPa,1%,996,https://en.wikipedia.org/wiki/Bakelite,(C7H6O2)n,Not recyclable,"Invented in 1907, Bakelite was the world's very first fully synthetic plastic.",https://www.youtube.com/results?search_query=Bakelite+history
Chitosan,Biopolymer,"Wound Dressings; Water Filtration",0.20,Amorphous,Amorphous,25 MPa,10%,439213,https://en.wikipedia.org/wiki/Chitosan,(C6H11NO4)n,Compostable,"Chitosan is made by treating the discarded shells of shrimp and crabs!",https://www.youtube.com/results?search_query=Chitosan+polymer
Polyvinyl Acetate (PVAc),Thermoplastic,"Wood Glue; Bookbinding",1.19,30,Amorphous,20 MPa,10%,7704,https://en.wikipedia.org/wiki/Polyvinyl_acetate,(C4H6O2)n,Hard to recycle,"If you have ever used Elmer's white glue, you were using liquid PVAc.",https://www.youtube.com/results?search_query=Polyvinyl+acetate
Ethylene Vinyl Acetate (EVA),Elastomer,"Foam Mats; Hot Melt Adhesives",0.94,-20,75,15 MPa,700%,7704,https://en.wikipedia.org/wiki/Ethylene-vinyl_acetate,(C2H4·C4H6O2)n,Hard to recycle,"EVA foam is the standard material used to make cosplay armor and Crocs shoes.",https://www.youtube.com/results?search_query=EVA+foam+polymer
Polyphenylene Sulfide (PPS),Thermoplastic,"Filter Fabrics; Auto Parts",1.35,85,285,80 MPa,5%,14872,https://en.wikipedia.org/wiki/Polyphenylene_sulfide,(C6H4S)n,Can be recycled,"PPS is highly flame retardant and resists virtually all chemicals under 200°C.",https://www.youtube.com/results?search_query=Polyphenylene+sulfide
Polyetherimide (PEI / Ultem),Thermoplastic,"Aircraft Interiors; Guitar Picks",1.27,217,Amorphous,105 MPa,60%,11641,https://en.wikipedia.org/wiki/Polyetherimide,(C37H24O6N2)n,Can be recycled,"Ultem has a distinctive amber transparency and is heavily used in aerospace engineering.",https://www.youtube.com/results?search_query=PEI+Ultem+polymer
Polycaprolactone (PCL),Biopolymer,"Sutures; Tissue Engineering",1.14,-60,60,16 MPa,500%,10401,https://en.wikipedia.org/wiki/Polycaprolactone,(C6H10O2)n,Degrades in body,"Because its melting point is 60°C, you can melt PCL in hot water and mold it by hand.",https://www.youtube.com/results?search_query=Polycaprolactone
Polyglycolic Acid (PGA),Biopolymer,"Absorbable Medical Sutures",1.53,35,225,80 MPa,20%,7570,https://en.wikipedia.org/wiki/Polyglycolide,(C2H2O2)n,Degrades in body,"PGA was the very first totally synthetic absorbable suture material.",https://www.youtube.com/results?search_query=Polyglycolic+acid
Alginic Acid (Alginate),Biopolymer,"Food Thickener; Dental Impressions",1.60,Amorphous,Amorphous,N/A,N/A,91666324,https://en.wikipedia.org/wiki/Alginic_acid,(C6H8O6)n,Compostable,"Alginate is extracted directly from the cell walls of brown algae (seaweed).",https://www.youtube.com/results?search_query=Alginate+polymer
Silicone Rubber (VMQ),Elastomer,"Bakeware; Medical Tubing",1.15,-120,-40,10 MPa,300%,24705,https://en.wikipedia.org/wiki/Silicone_rubber,(C2H6OSi)n,Specialty recycling,"Unlike most polymers, its backbone consists of alternating Silicon and Oxygen atoms, not Carbon.",https://www.youtube.com/results?search_query=Silicone+Rubber
Melamine Formaldehyde,Thermoset,"Dry Erase Boards; Countertops",1.50,Amorphous,Amorphous,50 MPa,1%,7955,https://en.wikipedia.org/wiki/Melamine_resin,(C3H6N6·CH2O)n,Not recyclable,"Melamine resin is the super-hard coating used on Formica countertops.",https://www.youtube.com/results?search_query=Melamine+resin
Urea Formaldehyde,Thermoset,"MDF Adhesives; Electrical Casings",1.50,Amorphous,Amorphous,45 MPa,1%,1154,https://en.wikipedia.org/wiki/Urea-formaldehyde,(C2H4N2O)n,Not recyclable,"It is widely used as a structural glue in particleboard and MDF furniture.",https://www.youtube.com/results?search_query=Urea+formaldehyde
Polybenzimidazole (PBI),Thermoplastic,"Astronaut Spacesuits; Firefighter Gear",1.30,427,Amorphous,160 MPa,10%,65036,https://en.wikipedia.org/wiki/Polybenzimidazole_fiber,(C20H12N4)n,Specialty recycling,"PBI has the highest thermal stability of any commercially available polymer.",https://www.youtube.com/results?search_query=Polybenzimidazole
Hyaluronic Acid,Biopolymer,"Skincare; Joint Lubricant",1.80,Amorphous,Amorphous,N/A,N/A,24728,https://en.wikipedia.org/wiki/Hyaluronic_acid,(C14H21NO11)n,Biodegradable,"It can bind up to 1000 times its weight in water, making it a powerful natural moisturizer.",https://www.youtube.com/results?search_query=Hyaluronic+acid+polymer
Polyvinylpyrrolidone (PVP),Thermoplastic,"Drug Delivery; Blood Plasma Expander",1.20,160,Amorphous,40 MPa,10%,3755,https://en.wikipedia.org/wiki/Polyvinylpyrrolidone,(C6H9NO)n,Water Soluble,"During WWII, PVP was heavily used as a blood plasma substitute to save lives.",https://www.youtube.com/results?search_query=Polyvinylpyrrolidone
Polyaniline (PANI),Conductive Polymer,"Biosensors; Supercapacitors",1.32,105,Amorphous,50 MPa,5%,6049,https://en.wikipedia.org/wiki/Polyaniline,(C6H5N)n,Not recyclable,"PANI was discovered in the mid-19th century as a dye, long before it was known to conduct electricity.",https://www.youtube.com/results?search_query=Polyaniline+conductive
Poly(3-hexylthiophene) (P3HT),Conductive Polymer,"Organic Solar Cells",1.10,12,238,20 MPa,15%,16220111,https://en.wikipedia.org/wiki/Poly(3-hexylthiophene),(C10H14S)n,Specialty recycling,"P3HT is heavily researched for flexible, transparent solar panels.",https://www.youtube.com/results?search_query=P3HT+polymer
Poly(lactic-co-glycolic acid) (PLGA),Biopolymer,"Targeted Drug Delivery",1.34,50,Amorphous,45 MPa,5%,23111554,https://en.wikipedia.org/wiki/PLGA,(C3H4O2·C2H2O2)n,Degrades in body,"By changing the ratio of PLA to PGA, scientists can control exactly how fast this polymer dissolves in the body.",https://www.youtube.com/results?search_query=PLGA+drug+delivery
Polyethyleneimine (PEI),Smart Polymer,"Gene Therapy Delivery",1.05,-50,73,N/A,N/A,8058,https://en.wikipedia.org/wiki/Polyethylenimine,(C2H5N)n,Water Soluble,"PEI acts like a Trojan Horse, helping deliver synthetic DNA directly into living cells.",https://www.youtube.com/results?search_query=Polyethylenimine
Polyamide-imide (PAI / Torlon),Thermoplastic,"Aerospace Engine Parts",1.42,277,Amorphous,190 MPa,10%,111198,https://en.wikipedia.org/wiki/Polyamide-imide,(C15H10N2O3)n,Can be recycled,"Torlon is one of the strongest melt-processable plastics available on the market.",https://www.youtube.com/results?search_query=Polyamide-imide
Polyethersulfone (PES),Thermoplastic,"Kidney Dialysis Membranes",1.37,225,Amorphous,85 MPa,40%,14675,https://en.wikipedia.org/wiki/Polyethersulfone,(C12H8O3S)n,Can be recycled,"PES membranes are used to filter human blood during dialysis treatments.",https://www.youtube.com/results?search_query=Polyethersulfone
Poly(vinylidene fluoride-co-hexafluoropropylene) (PVDF-HFP),Elastomer,"Lithium-Ion Battery Binders",1.78,-35,140,30 MPa,300%,11646,https://en.wikipedia.org/wiki/Polyvinylidene_fluoride,Fluoropolymer,Specialty recycling,"This copolymer is essential for holding together the electrodes in your smartphone's battery.",https://www.youtube.com/results?search_query=PVDF-HFP
Polydopamine (PDA),Biopolymer,"Nanoparticle Coating",1.50,Amorphous,Amorphous,N/A,N/A,66068,https://en.wikipedia.org/wiki/Polydopamine,(C8H11NO2)n,Biodegradable,"Inspired by the adhesive proteins that mussels use to stick to wet rocks!",https://www.youtube.com/results?search_query=Polydopamine
Poly(N-isopropylacrylamide) (PNIPAM),Smart Polymer,"Thermoresponsive Drug Release",1.10,130,Amorphous,N/A,N/A,65036,https://en.wikipedia.org/wiki/Poly(N-isopropylacrylamide),(C6H11NO)n,Water Soluble,"PNIPAM collapses into a tight coil when heated past 32°C, squeezing out water like a sponge.",https://www.youtube.com/results?search_query=PNIPAM+polymer
Poly(vinyl butyral) (PVB),Thermoplastic,"Shatterproof Car Windshields",1.07,70,Amorphous,30 MPa,200%,7962,https://en.wikipedia.org/wiki/Polyvinyl_butyral,(C8H14O2)n,Can be recycled,"PVB is the invisible layer inside your car's windshield that stops glass from shattering inward.",https://www.youtube.com/results?search_query=Polyvinyl+butyral
Poly(acrylic acid) (PAA),Thermoplastic,"Superabsorbent Diapers",1.20,106,Amorphous,N/A,N/A,6581,https://en.wikipedia.org/wiki/Polyacrylic_acid,(C3H4O2)n,Water Soluble,"A single gram of PAA can absorb up to 300 grams of water!",https://www.youtube.com/results?search_query=Polyacrylic+acid
Poly(styrene-b-butadiene-b-styrene) (SBS),Elastomer,"Shoe Soles; Asphalt Modification",0.94,-90,Amorphous,25 MPa,800%,8073,https://en.wikipedia.org/wiki/Styrene-butadiene,(C8H8·C4H6)n,Downcycled,"SBS behaves like rubber at room temperature but can be melted and molded like plastic.",https://www.youtube.com/results?search_query=SBS+polymer
Polyhydroxyalkanoates (PHA),Biopolymer,"Marine Biodegradable Packaging",1.25,5,175,40 MPa,5%,11993489,https://en.wikipedia.org/wiki/Polyhydroxyalkanoates,(C4H6O2)n,Compostable,"PHAs dissolve safely in ocean water, making them a huge hope for stopping marine plastic pollution.",https://www.youtube.com/results?search_query=Polyhydroxyalkanoate
Poly(vinyl chloride-co-vinyl acetate) (PVC-PVA),Thermoplastic,"Vinyl Records; Magnetic Stripe Cards",1.35,75,Amorphous,45 MPa,10%,6325,https://en.wikipedia.org/wiki/Polyvinyl_chloride,Chloropolymer,Hard to recycle,"This specific blend provides the perfect groove acoustics required for classic vinyl records.",https://www.youtube.com/results?search_query=PVC+PVA+copolymer
Poly(ether ether ketone) (PEEK_Adv),Thermoplastic,"Spinal Implants; Aerospace",1.32,143,343,100 MPa,20%,62425,https://en.wikipedia.org/wiki/Polyether_ether_ketone,(C19H12O3)n,Can be recycled,"PEEK can withstand 343°C and is replacing titanium in many modern aircraft designs.",https://www.youtube.com/results?search_query=PEEK+advanced+polymer
Poly(phenylene oxide) (PPO),Thermoplastic,"Fluid Handling; Server Housings",1.06,210,Amorphous,60 MPa,30%,6654,https://en.wikipedia.org/wiki/Poly(p-phenylene_oxide),(C8H8O)n,Can be recycled,"PPO is rarely used pure; it's almost always blended with Polystyrene to make it moldable.",https://www.youtube.com/results?search_query=Polyphenylene+oxide
Liquid Crystal Polymer (LCP),Thermoplastic,"5G Antennas; Micro-connectors",1.60,130,330,150 MPa,3%,111198,https://en.wikipedia.org/wiki/Liquid-crystal_polymer,Complex Aromatic,Can be recycled,"LCPs remain highly ordered in the melt state, behaving both like a crystal and a liquid.",https://www.youtube.com/results?search_query=Liquid+Crystal+Polymer
Poly(vinylidene chloride) (PVDC / Saran),Thermoplastic,"High-Barrier Food Packaging",1.60,-17,200,35 MPa,20%,6366,https://en.wikipedia.org/wiki/Polyvinylidene_chloride,(C2H2Cl2)n,Hard to recycle,"PVDC was originally marketed as 'Saran Wrap' because of its extreme impermeability to oxygen.",https://www.youtube.com/results?search_query=PVDC+Saran
Poly(ethylene naphthalate) (PEN),Thermoplastic,"High-Performance Sailcloth; Flexible OLED",1.36,120,270,200 MPa,100%,111198,https://en.wikipedia.org/wiki/Polyethylene_naphthalate,(C14H10O4)n,Highly Recyclable,"PEN is the stronger, stiffer, and more temperature-resistant cousin to PET.",https://www.youtube.com/results?search_query=Polyethylene+naphthalate
Poly(trimethylene terephthalate) (PTT),Thermoplastic,"Stain-Resistant Carpets",1.35,45,228,60 MPa,40%,111198,https://en.wikipedia.org/wiki/Polytrimethylene_terephthalate,(C11H10O4)n,Highly Recyclable,"Many PTT fibers have a natural 'zig-zag' shape at the molecular level, making carpets springy.",https://www.youtube.com/results?search_query=PTT+polymer
Poly(butylene adipate-co-terephthalate) (PBAT),Biopolymer,"Compostable Bags; Agricultural Mulch",1.20,-30,115,35 MPa,700%,111198,https://en.wikipedia.org/wiki/Polybutylene_adipate_terephthalate,(C14H16O6)n,Compostable,"PBAT breaks down fully in soil within weeks, making it a favorite for eco-friendly farming.",https://www.youtube.com/results?search_query=PBAT+polymer
Poly(allylamine hydrochloride) (PAH),Smart Polymer,"Layer-by-Layer Nanocapsules",1.20,Amorphous,Amorphous,N/A,N/A,111198,https://en.wikipedia.org/wiki/Polyallylamine,(C3H8ClN)n,Water Soluble,"Used in advanced nano-engineering to build microscopic drug delivery capsules layer by layer.",https://www.youtube.com/results?search_query=Polyallylamine
Poly(ethyl cyanoacrylate) (Super Glue),Thermoplastic,"Forensic Fingerprinting; Adhesives",1.06,130,Amorphous,20 MPa,2%,7247,https://en.wikipedia.org/wiki/Cyanoacrylate,(C6H7NO2)n,Not recyclable,"Super Glue cures instantly when it reacts with the trace amounts of water vapor in the air!",https://www.youtube.com/results?search_query=Cyanoacrylate
Poly(methylpentene) (PMP / TPX),Thermoplastic,"Labware; Gas Permeable Membranes",0.83,29,235,25 MPa,15%,111198,https://en.wikipedia.org/wiki/Polymethylpentene,(C6H12)n,Can be recycled,"PMP is one of the lightest known solid plastics, and it transmits UV light exceptionally well.",https://www.youtube.com/results?search_query=Polymethylpentene
Ethylene Propylene Diene Monomer (EPDM),Elastomer,"Roofing Membranes; Car Door Seals",0.86,-50,Amorphous,15 MPa,300%,111198,https://en.wikipedia.org/wiki/EPDM_rubber,(C2H4·C3H6·Diene)n,Downcycled,"EPDM is incredibly resistant to ozone and UV light, surviving on roofs for over 50 years.",https://www.youtube.com/results?search_query=EPDM+rubber
Chlorosulfonated Polyethylene (CSM / Hypalon),Elastomer,"Inflatable Boats; Chemical Hoses",1.15,-20,Amorphous,25 MPa,400%,111198,https://en.wikipedia.org/wiki/Hypalon,Chloropolymer,Downcycled,"Hypalon was the preferred material for military Zodiac boats due to its extreme toughness.",https://www.youtube.com/results?search_query=Hypalon
Poly(oxytetramethylene) glycol (PTMEG),Elastomer,"Precursor for Spandex",0.98,-75,35,N/A,N/A,111198,https://en.wikipedia.org/wiki/PolyTHF,(C4H8O)n,Downcycled,"PTMEG is the chemical foundation for making the incredibly stretchy fibers in yoga pants.",https://www.youtube.com/results?search_query=PTMEG+polymer
Poly(vinyl pyridine) (PVPyr),Smart Polymer,"Antimicrobial Coatings",1.15,142,Amorphous,N/A,N/A,111198,https://en.wikipedia.org/wiki/Poly(4-vinylpyridine),(C7H7N)n,Water Soluble,"When quaternized, PVPyr can instantly kill bacteria that come into contact with its surface.",https://www.youtube.com/results?search_query=Polyvinylpyridine
Poly(thiophene) (PT),Conductive Polymer,"Electrochromic Windows; OLEDs",1.10,Amorphous,Amorphous,N/A,N/A,111198,https://en.wikipedia.org/wiki/Polythiophene,(C4H2S)n,Specialty recycling,"PTs can instantly change color when an electrical voltage is applied to them.",https://www.youtube.com/results?search_query=Polythiophene
High-Density Polyethylene (HDPE),Thermoplastic,"Milk Jugs; Hard Hats",0.95,-110,130,25 MPa,50%,8058,https://en.wikipedia.org/wiki/High-density_polyethylene,(C2H4)n,Highly Recyclable,"Because of its simple linear structure, HDPE packs tightly and is incredibly strong.",https://www.youtube.com/results?search_query=High-density+polyethylene
Low-Density Polyethylene (LDPE),Thermoplastic,"Plastic Wrap; Grocery Bags",0.92,-110,110,15 MPa,500%,8058,https://en.wikipedia.org/wiki/Low-density_polyethylene,(C2H4)n,Recyclable (Code 4),"LDPE has long molecular branches that prevent it from packing tightly, making it soft and flexible.",https://www.youtube.com/results?search_query=Low-density+polyethylene
Ultra-High-Molecular-Weight Polyethylene (UHMWPE),Thermoplastic,"Joint Replacements; Body Armor",0.93,-110,135,40 MPa,300%,8058,https://en.wikipedia.org/wiki/Ultra-high-molecular-weight_polyethylene,(C2H4)n,Can be recycled,"UHMWPE is so tough it is used to replace human hip joints and line dump truck beds.",https://www.youtube.com/results?search_query=UHMWPE
Nylon 6 (Polyamide 6),Thermoplastic,"Guitar Strings; Bristles",1.14,47,220,85 MPa,100%,10878,https://en.wikipedia.org/wiki/Nylon_6,(C6H11NO)n,Can be recycled,"Unlike Nylon 6-6, Nylon 6 is synthesized by ring-opening polymerization, not condensation.",https://www.youtube.com/results?search_query=Nylon+6
Nylon 11 (Polyamide 11),Thermoplastic,"Pneumatic Tubing; Sports Shoes",1.04,46,190,50 MPa,300%,3301,https://en.wikipedia.org/wiki/Nylon_11,(C11H21NO)n,Can be recycled,"Nylon 11 is a true bioplastic, derived primarily from castor beans rather than petroleum.",https://www.youtube.com/results?search_query=Nylon+11
Nylon 12 (Polyamide 12),Thermoplastic,"3D Printing Powders; Fuel Lines",1.01,37,178,45 MPa,250%,14342,https://en.wikipedia.org/wiki/Nylon_12,(C12H23NO)n,Can be recycled,"Nylon 12 absorbs the least amount of moisture of all commercial polyamides.",https://www.youtube.com/results?search_query=Nylon+12
Polysulfone (PSU),Thermoplastic,"Medical Sterilization Trays",1.24,185,Amorphous,70 MPa,50%,111198,https://en.wikipedia.org/wiki/Polysulfone,Complex Aromatic,Can be recycled,"PSU can withstand repeated steam sterilization in autoclaves without losing its strength.",https://www.youtube.com/results?search_query=Polysulfone
Polyphenylsulfone (PPSU),Thermoplastic,"Aircraft Interiors; Dental Instruments",1.29,220,Amorphous,75 MPa,60%,111198,https://en.wikipedia.org/wiki/Polyphenylsulfone,Complex Aromatic,Can be recycled,"PPSU is nearly unbreakable, enduring thousands of sterilization cycles without cracking.",https://www.youtube.com/results?search_query=Polyphenylsulfone
Polyetherketoneketone (PEKK),Thermoplastic,"3D Printed Orthopedic Implants",1.30,162,360,115 MPa,5%,111198,https://en.wikipedia.org/wiki/Polyaryletherketone,Complex Aromatic,Can be recycled,"PEKK can be 3D printed to exactly match a patient's skull shape for cranial reconstruction.",https://www.youtube.com/results?search_query=PEKK+polymer
Ethylene Vinyl Alcohol (EVOH),Thermoplastic,"Oxygen Barrier Films; Food Packaging",1.17,60,185,75 MPa,250%,111198,https://en.wikipedia.org/wiki/Ethylene_vinyl_alcohol,(C2H4·C2H4O)n,Specialty recycling,"EVOH has such high barrier properties that it keeps ketchup from oxidizing and turning brown in plastic bottles.",https://www.youtube.com/results?search_query=EVOH+polymer
Cyclic Olefin Copolymer (COC),Thermoplastic,"Prefilled Medical Syringes; Lenses",1.02,130,Amorphous,60 MPa,3%,111198,https://en.wikipedia.org/wiki/Cyclic_olefin_copolymer,Aliphatic Hydrocarbon,Can be recycled,"COC looks like glass but is shatterproof, making it perfect for holding liquid medicines.",https://www.youtube.com/results?search_query=Cyclic+olefin+copolymer
Syndiotactic Polystyrene (sPS),Thermoplastic,"Automotive Electronic Components",1.04,100,270,40 MPa,2%,7150,https://en.wikipedia.org/wiki/Polystyrene,(C8H8)n,Hard to recycle,"Because of its perfectly alternating molecular structure, sPS is crystalline and melts at a blazing 270°C.",https://www.youtube.com/results?search_query=Syndiotactic+Polystyrene
Ionomer (Surlyn),Thermoplastic,"Golf Ball Covers; Perfume Caps",0.94,50,90,30 MPa,400%,111198,https://en.wikipedia.org/wiki/Ionomer,Ionic Copolymer,Can be recycled,"Surlyn is an ionomer, meaning it contains metallic ions that give it incredible cut-resistance on golf balls.",https://www.youtube.com/results?search_query=Surlyn+ionomer
Polybutene-1 (PB-1),Thermoplastic,"Pressurized Hot Water Pipes",0.91,-18,125,35 MPa,300%,111198,https://en.wikipedia.org/wiki/Polybutylene,(C4H8)n,Can be recycled,"PB-1 creeps less than PE or PP, making it ideal for continuous high-pressure plumbing.",https://www.youtube.com/results?search_query=Polybutene-1
Polyarylate (PAR),Thermoplastic,"Solar Panel Glazing; Fire Helmets",1.21,193,Amorphous,70 MPa,50%,111198,https://en.wikipedia.org/wiki/Polyarylate,Aromatic Polyester,Can be recycled,"Under intense UV radiation, PAR undergoes a rearrangement that actually makes it more weather resistant!",https://www.youtube.com/results?search_query=Polyarylate
Polyhydroxyethylmethacrylate (pHEMA),Smart Polymer,"Soft Contact Lenses",1.15,85,Amorphous,N/A,N/A,111198,https://en.wikipedia.org/wiki/Polyhydroxyethylmethacrylate,(C6H10O3)n,Not recyclable,"pHEMA was the material used to invent the world's very first soft contact lenses in Prague.",https://www.youtube.com/results?search_query=pHEMA+polymer
Bismaleimide (BMI),Thermoset,"Military Aircraft Composites",1.25,280,Amorphous,80 MPa,2%,111198,https://en.wikipedia.org/wiki/Bismaleimide,Crosslinked Aromatic,Not recyclable,"BMI composite matrices allow stealth fighters like the F-22 to withstand extreme aerodynamic heating.",https://www.youtube.com/results?search_query=Bismaleimide
Vinyl Ester Resin,Thermoset,"Corrosion Resistant Tanks; Marine Hulls",1.12,110,Amorphous,85 MPa,4%,111198,https://en.wikipedia.org/wiki/Vinyl_ester,Crosslinked Matrix,Not recyclable,"Vinyl ester bridges the gap between polyester and epoxy, offering high strength at a lower cost.",https://www.youtube.com/results?search_query=Vinyl+ester+resin
Unsaturated Polyester Resin (UPR),Thermoset,"Fiberglass Boats; Cultured Marble",1.20,70,Amorphous,60 MPa,2%,111198,https://en.wikipedia.org/wiki/Polyester_resin,Crosslinked Matrix,Not recyclable,"UPR combined with chopped glass fiber is the global standard for building recreational boat hulls.",https://www.youtube.com/results?search_query=Polyester+Resin
Novolac Resin,Thermoset,"Photoresists for Microelectronics",1.25,130,Amorphous,50 MPa,1%,111198,https://en.wikipedia.org/wiki/Novolac,Phenolic Resin,Not recyclable,"Novolac is a critical ingredient in the photolithography process that prints circuits onto silicon chips.",https://www.youtube.com/results?search_query=Novolac+Resin
Resorcinol Formaldehyde,Thermoset,"Tire Cord Adhesives; Aerogels",1.30,Amorphous,Amorphous,N/A,N/A,111198,https://en.wikipedia.org/wiki/Resorcinol_formaldehyde_resin,Crosslinked,Not recyclable,"This resin acts as the glue that permanently bonds the rubber of a tire to its internal steel belts.",https://www.youtube.com/results?search_query=Resorcinol+formaldehyde
Diallyl Phthalate (DAP),Thermoset,"High-Rel Military Connectors",1.26,160,Amorphous,70 MPa,2%,111198,https://en.wikipedia.org/wiki/Diallyl_phthalate,Crosslinked,Not recyclable,"DAP maintains excellent electrical insulation even in 100% humidity environments.",https://www.youtube.com/results?search_query=Diallyl+phthalate
Furan Resin,Thermoset,"Sand Casting Binders; Cement",1.15,Amorphous,Amorphous,40 MPa,1%,111198,https://en.wikipedia.org/wiki/Furan_resin,Crosslinked,Not recyclable,"Furan resins are derived from agricultural by-products like oat hulls and corncobs.",https://www.youtube.com/results?search_query=Furan+resin
Fluoroelastomer (FKM / Viton),Elastomer,"O-Rings; Fuel Hoses; Aerospace Gaskets",1.80,-15,Amorphous,15 MPa,250%,111198,https://en.wikipedia.org/wiki/FKM,Fluoropolymer,Downcycled,"Viton O-rings are used in jet engines because they shrug off extreme heat and corrosive aviation fuels.",https://www.youtube.com/results?search_query=Viton+FKM
Perfluoroelastomer (FFKM / Kalrez),Elastomer,"Semiconductor Seals; Chemical Valves",2.00,-5,Amorphous,18 MPa,150%,111198,https://en.wikipedia.org/wiki/FFKM,Fluoropolymer,Downcycled,"FFKM has the resilience of rubber but the nearly indestructible chemical resistance of Teflon.",https://www.youtube.com/results?search_query=Kalrez+FFKM
Polybutadiene (BR),Elastomer,"Golf Ball Cores; Tire Treads",0.90,-105,Amorphous,15 MPa,500%,111198,https://en.wikipedia.org/wiki/Polybutadiene,(C4H6)n,Downcycled,"Polybutadiene is the rubber that gives superballs and golf balls their incredible bounce.",https://www.youtube.com/results?search_query=Polybutadiene
Chlorinated Polyethylene (CPE),Elastomer,"Automotive Hoses; Cable Jacketing",1.16,-20,Amorphous,20 MPa,400%,111198,https://en.wikipedia.org/wiki/Chlorinated_polyethylene,Chloropolymer,Downcycled,"Adding chlorine to PE randomly disrupts its crystals, turning a stiff plastic into a flexible rubber.",https://www.youtube.com/results?search_query=Chlorinated+polyethylene
Thermoplastic Polyurethane (TPU),Elastomer,"Phone Cases; Inflatable Rafts",1.20,-40,160,45 MPa,600%,111198,https://en.wikipedia.org/wiki/Thermoplastic_polyurethane,Block Copolymer,Can be recycled,"TPU is highly abrasion-resistant, which is why it is used to make durable skateboard wheels.",https://www.youtube.com/results?search_query=TPU+polymer
Polyether Block Amide (PEBA / Pebax),Elastomer,"High-End Running Shoes; Catheters",1.01,-60,160,35 MPa,500%,111198,https://en.wikipedia.org/wiki/Polyether_block_amide,Block Copolymer,Can be recycled,"Pebax foam is the secret behind the explosive energy return in modern marathon 'super shoes'.",https://www.youtube.com/results?search_query=Pebax+PEBA
Epichlorohydrin Rubber (ECO),Elastomer,"Automotive Fuel Seals; Printer Rollers",1.36,-40,Amorphous,15 MPa,300%,111198,https://en.wikipedia.org/wiki/Epichlorohydrin_elastomer,Polyether Elastomer,Downcycled,"ECO has excellent resistance to modern biofuels and does not build up static electricity.",https://www.youtube.com/results?search_query=Epichlorohydrin+rubber
Acrylic Rubber (ACM),Elastomer,"Transmission Seals; O-rings",1.10,-15,Amorphous,12 MPa,250%,111198,https://en.wikipedia.org/wiki/Acrylic_rubber,Acrylate Polymer,Downcycled,"ACM can withstand hot automatic transmission fluid at 150°C without degrading.",https://www.youtube.com/results?search_query=Acrylic+rubber+ACM
Fluorosilicone Rubber (FVMQ),Elastomer,"Aviation Fuel System Seals",1.40,-65,Amorphous,10 MPa,200%,111198,https://en.wikipedia.org/wiki/Fluorosilicone,Silicone Elastomer,Downcycled,"FVMQ combines the extreme low-temperature flexibility of silicone with the fuel resistance of fluorocarbons.",https://www.youtube.com/results?search_query=Fluorosilicone
Agarose,Biopolymer,"DNA Gel Electrophoresis; Cell Culture",1.64,Amorphous,Amorphous,N/A,N/A,111198,https://en.wikipedia.org/wiki/Agarose,Polysaccharide,Compostable,"Agarose forms a microscopic 3D mesh that biologists use to sort fragments of DNA by size.",https://www.youtube.com/results?search_query=Agarose+gel
Carrageenan,Biopolymer,"Vegan Gelatin; Toothpaste Binder",1.40,Amorphous,Amorphous,N/A,N/A,111198,https://en.wikipedia.org/wiki/Carrageenan,Polysaccharide,Compostable,"Extracted from red edible seaweeds, carrageenan is heavily used to thicken almond milk and ice cream.",https://www.youtube.com/results?search_query=Carrageenan+polymer
Pectin,Biopolymer,"Jam Thickener; Medicine Encapsulation",1.50,Amorphous,Amorphous,N/A,N/A,111198,https://en.wikipedia.org/wiki/Pectin,Polysaccharide,Compostable,"Pectin is the natural structural acid found in apple peels that makes fruit jams gel.",https://www.youtube.com/results?search_query=Pectin+polymer
Dextran,Biopolymer,"Antithrombotic Drugs; Microspheres",1.50,Amorphous,Amorphous,N/A,N/A,111198,https://en.wikipedia.org/wiki/Dextran,Polysaccharide,Compostable,"Certain lactic acid bacteria produce dextran to build the sticky plaque found on human teeth.",https://www.youtube.com/results?search_query=Dextran+polymer
Xanthan Gum,Biopolymer,"Salad Dressing Stabilizer; Oil Drilling Fluid",1.50,Amorphous,Amorphous,N/A,N/A,111198,https://en.wikipedia.org/wiki/Xanthan_gum,Polysaccharide,Compostable,"Xanthan gum is highly shear-thinning—it gets thinner when shaken, which is why ketchup pours out of the bottle easily.",https://www.youtube.com/results?search_query=Xanthan+Gum
Collagen,Biopolymer,"Cosmetic Surgery; Artificial Skin",1.35,Amorphous,Amorphous,N/A,N/A,111198,https://en.wikipedia.org/wiki/Collagen,Protein,Compostable,"Collagen makes up 25% to 35% of the whole-body protein content in mammals.",https://www.youtube.com/results?search_query=Collagen+polymer
Gelatin,Biopolymer,"Capsules; Food Gelling Agent",1.35,Amorphous,Amorphous,N/A,N/A,111198,https://en.wikipedia.org/wiki/Gelatin,Protein,Compostable,"Gelatin is simply hydrolyzed collagen, broken down so it dissolves in hot water to make Jell-O.",https://www.youtube.com/results?search_query=Gelatin+polymer
Fibroin (Silk),Biopolymer,"Surgical Sutures; High-End Textiles",1.30,175,Amorphous,500 MPa,15%,111198,https://en.wikipedia.org/wiki/Fibroin,Protein,Compostable,"Spider silk fibroin is tougher than Kevlar and highly researched for advanced bulletproof armors.",https://www.youtube.com/results?search_query=Fibroin+silk+polymer
Keratin,Biopolymer,"Hair Products; Biomedical Scaffolds",1.30,Amorphous,Amorphous,N/A,N/A,111198,https://en.wikipedia.org/wiki/Keratin,Protein,Compostable,"Keratin is the extraordinarily tough structural protein that makes up human hair, fingernails, and rhino horns.",https://www.youtube.com/results?search_query=Keratin+polymer
Poly(glutamic acid) (PGA),Biopolymer,"Water Treatment; Drug Delivery",1.50,Amorphous,Amorphous,N/A,N/A,111198,https://en.wikipedia.org/wiki/Polyglutamic_acid,Polypeptide,Water Soluble,"PGA is naturally produced by Bacillus bacteria in natto (fermented soybeans) and gives it its stringy texture.",https://www.youtube.com/results?search_query=Polyglutamic+acid
Polyacetylene (PAC),Conductive Polymer,"First Discovered Conductive Polymer",1.16,Amorphous,Amorphous,N/A,N/A,111198,https://en.wikipedia.org/wiki/Polyacetylene,(C2H2)n,Not recyclable,"The discovery that doped polyacetylene could conduct electricity won the 2000 Nobel Prize in Chemistry.",https://www.youtube.com/results?search_query=Polyacetylene+conductive
Poly(p-phenylene) (PPP),Conductive Polymer,"Blue Light OLEDs; Precursors",1.20,Amorphous,Amorphous,N/A,N/A,111198,https://en.wikipedia.org/wiki/Poly(p-phenylene),(C6H4)n,Not recyclable,"PPP is essentially a chain of linked benzene rings, making it exceptionally rigid and stable.",https://www.youtube.com/results?search_query=Polyphenylene
Polycarbazole,Conductive Polymer,"Photorefractive Materials; Biosensors",1.25,Amorphous,Amorphous,N/A,N/A,111198,https://en.wikipedia.org/wiki/Polycarbazole,(C12H7N)n,Not recyclable,"Polycarbazole derivatives are actively used in designing the hole-transport layers for modern perovskite solar cells.",https://www.youtube.com/results?search_query=Polycarbazole
Poly(3 4-ethylenedioxythiophene) (PEDOT),Conductive Polymer,"Transparent Electrodes; Antistatic Films",1.05,Amorphous,Amorphous,N/A,N/A,111198,https://en.wikipedia.org/wiki/PEDOT,(C6H4O2S)n,Specialty recycling,"PEDOT is highly transparent, making it perfect for the touch-sensitive layers on smartphone screens.",https://www.youtube.com/results?search_query=PEDOT+polymer
Polyisobutylene (PIB),Elastomer,"Chewing Gum Base; Tire Inner Liners",0.92,-70,Amorphous,10 MPa,600%,111198,https://en.wikipedia.org/wiki/Polyisobutylene,(C4H8)n,Downcycled,"PIB is the primary synthetic rubber used to give modern chewing gum its long-lasting elasticity.",https://www.youtube.com/results?search_query=Polyisobutylene
Poly(vinyl ether),Thermoplastic,"Pressure-Sensitive Adhesives",0.98,-30,Amorphous,N/A,N/A,111198,https://en.wikipedia.org/wiki/Polyvinyl_ether,(C4H8O)n,Hard to recycle,"Polyvinyl ethers are extremely tacky and remain sticky even at very low temperatures.",https://www.youtube.com/results?search_query=Polyvinyl+ether
Polyhydroxybutyrate (PHB),Biopolymer,"Biodegradable packaging; Medical sutures",1.25,5,175,40 MPa,5%,14936,https://en.wikipedia.org/wiki/Polyhydroxybutyrate,(C4H6O2)n,Compostable,"PHB is naturally produced by bacteria as a way to store energy!",https://www.youtube.com/results?search_query=Polyhydroxybutyrate+polymer
Polybutylene Succinate (PBS),Biopolymer,"Compostable bags; Mulch films",1.26,-32,115,35 MPa,300%,61100,https://en.wikipedia.org/wiki/Polybutylene_succinate,(C8H12O4)n,Compostable,"PBS decomposes naturally into water and CO2 in soil within a few months.",https://www.youtube.com/results?search_query=Polybutylene+Succinate+polymer
Polypyrrole (PPy),Conductive Polymer,"Sensors; Stealth tech",1.50,Amorphous,Amorphous,50 MPa,2%,111198,https://en.wikipedia.org/wiki/Polypyrrole,(C4H3N)n,Not recyclable,"PPy can absorb radar waves making it useful for stealth aircraft.",https://www.youtube.com/results?search_query=Polypyrrole+conductive
Poly(p-phenylene vinylene) (PPV),Conductive Polymer,"OLED displays; Solar cells",1.20,120,Amorphous,N/A,N/A,111198,https://en.wikipedia.org/wiki/Poly(p-phenylene_vinylene),(C8H6)n,Not recyclable,"PPV was the first polymer discovered to emit light for OLEDs.",https://www.youtube.com/results?search_query=PPV+polymer+OLED
Polyvinyl Fluoride (PVF),Thermoplastic,"Solar panel backings",1.38,40,200,50 MPa,100%,111198,https://en.wikipedia.org/wiki/Polyvinyl_fluoride,(C2H3F)n,Hard to recycle,"PVF is incredibly weather resistant and protects solar panels for decades.",https://www.youtube.com/results?search_query=Polyvinyl+Fluoride+material
Polychlorotrifluoroethylene (PCTFE),Thermoplastic,"Cryogenic seals; Aerospace valves",1.68,45,215,35 MPa,150%,111198,https://en.wikipedia.org/wiki/Polychlorotrifluoroethylene,(C2ClF3)n,Hard to recycle,"PCTFE has the lowest water vapor transmission rate of any plastic.",https://www.youtube.com/results?search_query=PCTFE+polymer
Poly(ethyl acrylate) (PEA),Elastomer,"Adhesives; Textile coatings",1.12,-24,Amorphous,10 MPa,400%,111198,https://en.wikipedia.org/wiki/Polyethyl_acrylate,(C5H8O2)n,Hard to recycle,"PEA is the chemical secret that makes many pressure-sensitive tapes sticky.",https://www.youtube.com/results?search_query=Polyethyl+acrylate
Poly(butyl acrylate) (PBA),Elastomer,"Paints; Sealants; Adhesives",1.08,-49,Amorphous,5 MPa,600%,111198,https://en.wikipedia.org/wiki/Polybutyl_acrylate,(C7H12O2)n,Hard to recycle,"PBA remains flexible even at extremely low temperatures.",https://www.youtube.com/results?search_query=Polybutyl+acrylate
Poly(methyl acrylate) (PMA),Thermoplastic,"Leather finishing; Lacquers",1.22,10,Amorphous,15 MPa,250%,111198,https://en.wikipedia.org/wiki/Poly(methyl_acrylate),(C4H6O2)n,Hard to recycle,"PMA is often chewed—it is a common base for chewing gum!",https://www.youtube.com/results?search_query=Polymethyl+acrylate
Poly(vinyl cinnamate),Thermoplastic,"Photoresists; Lithography",1.20,70,Amorphous,N/A,N/A,111198,https://en.wikipedia.org/wiki/Polyvinyl_cinnamate,(C11H10O2)n,Not recyclable,"This polymer hardens when exposed to UV light!",https://www.youtube.com/results?search_query=Polyvinyl+cinnamate
Poly(ethylene oxide) (PEO),Thermoplastic,"Lithium-ion batteries; Hydrogels",1.20,-65,65,15 MPa,50%,111198,https://en.wikipedia.org/wiki/Polyethylene_glycol,(C2H4O)n,Water Soluble,"PEO is water-soluble and is used to make solid battery electrolytes.",https://www.youtube.com/results?search_query=Polyethylene+oxide+battery
Poly(propylene oxide) (PPOx),Thermoplastic,"Polyurethane precursor; Lubricants",1.00,-75,Amorphous,N/A,N/A,111198,https://en.wikipedia.org/wiki/Polypropylene_glycol,(C3H6O)n,Downcycled,"PPOx is the main building block for memory foam mattresses.",https://www.youtube.com/results?search_query=Polypropylene+oxide
Poly(vinyl formal) (PVFm),Thermoplastic,"Wire enamel; Structural adhesives",1.20,105,Amorphous,60 MPa,10%,111198,https://en.wikipedia.org/wiki/Polyvinyl_formal,(C5H8O2)n,Hard to recycle,"PVFm is primarily used to coat magnet wires in electric motors.",https://www.youtube.com/results?search_query=Polyvinyl+formal
Poly(methacrylic acid) (PMAA),Smart Polymer,"Drug delivery; Thickening agents",1.30,228,Amorphous,N/A,N/A,111198,https://en.wikipedia.org/wiki/Polymethacrylic_acid,(C4H6O2)n,Water Soluble,"PMAA changes its shape depending on the pH level of its environment.",https://www.youtube.com/results?search_query=Polymethacrylic+acid
Poly(vinyl sulfonic acid) (PVSA),Conductive Polymer,"Fuel cell membranes",1.40,Amorphous,Amorphous,N/A,N/A,111198,https://en.wikipedia.org/wiki/Polyvinylsulfonic_acid,(C2H4O3S)n,Not recyclable,"PVSA conducts protons efficiently making it vital for hydrogen fuel cells.",https://www.youtube.com/results?search_query=Polyvinyl+sulfonic+acid
Polyphosphazene,Thermoplastic,"Aerospace elastomers",1.25,-60,Amorphous,20 MPa,300%,111198,https://en.wikipedia.org/wiki/Polyphosphazene,(NPCl2)n,Specialty recycling,"Its backbone is made of Phosphorus and Nitrogen instead of Carbon!",https://www.youtube.com/results?search_query=Polyphosphazene
Polydiphenylsiloxane (PDPS),Elastomer,"High-temp lubricants; Optics",1.15,40,250,N/A,N/A,111198,https://en.wikipedia.org/wiki/Silicone,(C12H10OSi)n,Hard to recycle,"PDPS has a very high refractive index making it great for optical lenses.",https://www.youtube.com/results?search_query=Polydiphenylsiloxane
Poly(fluorene),Conductive Polymer,"Blue LEDs; Solar cells",1.20,100,Amorphous,N/A,N/A,111198,https://en.wikipedia.org/wiki/Polyfluorene,(C13H8)n,Not recyclable,"Polyfluorenes are the main polymers used to create blue light in OLED TVs.",https://www.youtube.com/results?search_query=Polyfluorene+OLED
Poly(propylene carbonate) (PPC),Biopolymer,"Biodegradable plastics",1.20,40,Amorphous,25 MPa,500%,111198,https://en.wikipedia.org/wiki/Polypropylene_carbonate,(C4H6O3)n,Compostable,"PPC is brilliantly synthesized using captured greenhouse gas (Carbon Dioxide)!",https://www.youtube.com/results?search_query=Polypropylene+carbonate
Polydioxanone (PDO),Biopolymer,"Absorbable surgical sutures",1.40,-10,110,40 MPa,30%,111198,https://en.wikipedia.org/wiki/Polydioxanone,(C4H6O3)n,Degrades in body,"PDO sutures dissolve perfectly inside the human body over 6 months.",https://www.youtube.com/results?search_query=Polydioxanone+sutures
Polyorthoester (POE),Biopolymer,"Sustained drug delivery",1.20,50,Amorphous,N/A,N/A,111198,https://en.wikipedia.org/wiki/Polyorthoester,(C4H6O3)n,Degrades in body,"POEs erode strictly from the surface making drug release highly predictable.",https://www.youtube.com/results?search_query=Polyorthoester+drug+delivery
Polyanhydride,Biopolymer,"Brain cancer treatment wafers",1.25,Amorphous,Amorphous,N/A,N/A,111198,https://en.wikipedia.org/wiki/Polyanhydride,(C8H14O3)n,Degrades in body,"Used to deliver chemotherapy directly to tumors after surgery.",https://www.youtube.com/results?search_query=Polyanhydride+polymers
Poly(vinyl amine) (PVAm),Smart Polymer,"Paper making; Water treatment",1.10,Amorphous,Amorphous,N/A,N/A,111198,https://en.wikipedia.org/wiki/Polyvinylamine,(C2H5N)n,Water Soluble,"PVAm is highly reactive and is used to increase the strength of paper.",https://www.youtube.com/results?search_query=Polyvinylamine
Poly(2-oxazoline) (POx),Biopolymer,"Stealth liposomes; Therapeutics",1.15,60,Amorphous,N/A,N/A,111198,https://en.wikipedia.org/wiki/Poly(2-oxazoline),(C3H5NO)n,Water Soluble,"POx is a pseudopeptide being researched as an alternative to PEG in medicine.",https://www.youtube.com/results?search_query=Polyoxazoline
Poly(N-vinylcaprolactam) (PVCap),Smart Polymer,"Thermoresponsive drug delivery",1.20,147,Amorphous,N/A,N/A,111198,https://en.wikipedia.org/wiki/Poly(N-vinylcaprolactam),(C8H13NO)n,Water Soluble,"PVCap becomes completely insoluble in water when it gets too warm!",https://www.youtube.com/results?search_query=Polyvinylcaprolactam
Ethylene Tetrafluoroethylene (ETFE),Thermoplastic,"Architecture domes; Wire insulation",1.70,90,267,45 MPa,300%,111198,https://en.wikipedia.org/wiki/ETFE,(C4H4F4)n,Can be recycled,"The Beijing National Aquatics Center (Water Cube) is entirely clad in ETFE bubbles.",https://www.youtube.com/results?search_query=ETFE+polymer
Fluorinated Ethylene Propylene (FEP),Thermoplastic,"3D printer resin vats; Labware",2.15,80,260,20 MPa,300%,111198,https://en.wikipedia.org/wiki/Fluorinated_ethylene_propylene,(C2F4·C3F6)n,Hard to recycle,"FEP is very similar to Teflon but is melt-processable, making it easier to mold.",https://www.youtube.com/results?search_query=FEP+polymer
Perfluoroalkoxy Alkane (PFA),Thermoplastic,"Semiconductor manufacturing piping",2.15,90,305,25 MPa,300%,111198,https://en.wikipedia.org/wiki/Perfluoroalkoxy_alkane,Fluoropolymer,Hard to recycle,"PFA provides almost identical chemical resistance to PTFE but is completely clear.",https://www.youtube.com/results?search_query=PFA+polymer
Polyaramid (Nomex),Thermoplastic,"Firefighter turnout gear; Racing suits",1.38,275,370,600 MPa,20%,111198,https://en.wikipedia.org/wiki/Nomex,(C14H10N2O2)n,Difficult to recycle,"Nomex cannot melt or drip; it only chars at extremely high temperatures.",https://www.youtube.com/results?search_query=Nomex+aramid
Polyimide (Kapton),Thermoset,"Spacecraft thermal blankets; Flexible PCBs",1.42,360,Amorphous,230 MPa,70%,111198,https://en.wikipedia.org/wiki/Kapton,(C22H10N2O5)n,Not recyclable,"Kapton tape remains stable from -269°C to +400°C, making it essential for NASA.",https://www.youtube.com/results?search_query=Kapton+polyimide
Poly(p-phenylene benzobisoxazole) (Zylon),Thermoplastic,"Mars rover parachute cords; Body armor",1.56,Amorphous,Amorphous,5800 MPa,3.5%,111198,https://en.wikipedia.org/wiki/Zylon,(C14H6N2O2)n,Difficult to recycle,"Zylon is significantly stronger than Kevlar and was used in the Mars Perseverance rover.",https://www.youtube.com/results?search_query=Zylon+polymer
Poly(vinylcarbazole) (PVK),Conductive Polymer,"Laser printers; Holography",1.20,225,Amorphous,N/A,N/A,111198,https://en.wikipedia.org/wiki/Polyvinylcarbazole,(C14H11N)n,Not recyclable,"PVK was the first organic polymer discovered to have photoconductive properties.",https://www.youtube.com/results?search_query=Polyvinylcarbazole
Poly(styrenesulfonate) (PSS),Smart Polymer,"Water softening; Hole transport in OLEDs",1.20,Amorphous,Amorphous,N/A,N/A,111198,https://en.wikipedia.org/wiki/Poly(4-styrenesulfonate),(C8H8O3S)n,Water Soluble,"PSS is usually mixed with PEDOT to create transparent, conductive coatings for flexible screens.",https://www.youtube.com/results?search_query=Polystyrenesulfonate
Poly(acrylamide) (PAM),Smart Polymer,"Water treatment; Soil conditioning",1.13,165,Amorphous,N/A,N/A,111198,https://en.wikipedia.org/wiki/Polyacrylamide,(C3H5NO)n,Water Soluble,"Cross-linked PAM forms a gel that is standardly used for DNA and protein separation in labs.",https://www.youtube.com/results?search_query=Polyacrylamide+gel
Poly(2-dimethylaminoethyl methacrylate) (PDMAEMA),Smart Polymer,"Gene delivery; Antimicrobial coatings",1.10,18,Amorphous,N/A,N/A,111198,https://en.wikipedia.org/wiki/PDMAEMA,(C8H15NO2)n,Water Soluble,"PDMAEMA is both temperature and pH responsive, making it a highly 'intelligent' plastic.",https://www.youtube.com/results?search_query=PDMAEMA+polymer
Gutta-percha,Elastomer,"Root canal fillings; Antique golf balls",0.95,-60,60,15 MPa,400%,111198,https://en.wikipedia.org/wiki/Gutta-percha,(C5H8)n,Compostable,"Unlike highly elastic natural rubber, Gutta-percha is rigid and solid at room temperature.",https://www.youtube.com/results?search_query=Gutta-percha+material
Dicyclopentadiene Resin (pDCPD),Thermoset,"Tractor body panels; Chemical tanks",1.03,150,Amorphous,45 MPa,10%,111198,https://en.wikipedia.org/wiki/Polydicyclopentadiene,(C10H12)n,Not recyclable,"pDCPD is formed via Reaction Injection Molding (RIM), curing from a liquid to a solid in just seconds.",https://www.youtube.com/results?search_query=Polydicyclopentadiene
Butyl Rubber (IIR),Elastomer,"Tire inner tubes; Basketball bladders",0.92,-70,Amorphous,15 MPa,600%,111198,https://en.wikipedia.org/wiki/Butyl_rubber,(C4H8·C5H8)n,Downcycled,"Butyl rubber is exceptionally impermeable to gases, which is why it keeps your tires inflated.",https://www.youtube.com/results?search_query=Butyl+rubber
Chlorobutyl Rubber (CIIR),Elastomer,"Pharmaceutical stoppers; Chem-suits",0.93,-65,Amorphous,10 MPa,500%,111198,https://en.wikipedia.org/wiki/Butyl_rubber,Hydrocarbon,Downcycled,"Adding chlorine to butyl rubber makes it cure faster and heavily resist ozone degradation.",https://www.youtube.com/results?search_query=Chlorobutyl+rubber
Poly(ether ketone) (PEK),Thermoplastic,"High-stress aerospace parts",1.30,152,373,110 MPa,15%,111198,https://en.wikipedia.org/wiki/Polyaryletherketone,(C19H12O2)n,Can be recycled,"PEK has an incredibly high continuous use temperature, surviving environments up to 250°C.",https://www.youtube.com/results?search_query=Polyether+ketone+PEK
Eudragit (Methacrylic Copolymer),Smart Polymer,"Enteric pill coatings",1.20,130,Amorphous,N/A,N/A,111198,https://en.wikipedia.org/wiki/Eudragit,Complex,Dissolves in body,"It protects medicine from stomach acid but dissolves perfectly once it reaches the intestines.",https://www.youtube.com/results?search_query=Eudragit+polymer
Poly(vinylidene fluoride-co-trifluoroethylene) (PVDF-TrFE),Smart Polymer,"Flexible touch sensors; Memory devices",1.80,-30,150,40 MPa,200%,111198,https://en.wikipedia.org/wiki/Polyvinylidene_fluoride,(C2H2F2·C2HF3)n,Hard to recycle,"This polymer has natural ferroelectric properties, meaning it has a switchable electrical polarization.",https://www.youtube.com/results?search_query=PVDF-TrFE
Poly(diallyldimethylammonium chloride) (pDADMAC),Smart Polymer,"Water purification; Pulp making",1.05,Amorphous,Amorphous,N/A,N/A,111198,https://en.wikipedia.org/wiki/PolyDADMAC,(C8H16ClN)n,Water Soluble,"A highly charged cationic polymer used to clump floating dirt particles in drinking water.",https://www.youtube.com/results?search_query=PolyDADMAC
Poly(lactic acid-co-caprolactone) (PLCL),Biopolymer,"Elastic tissue engineering scaffolds",1.15,20,Amorphous,15 MPa,400%,111198,https://en.wikipedia.org/wiki/Polylactic_acid,(C3H4O2·C6H10O2)n,Degrades in body,"It combines the strength of PLA with the rubbery elasticity of PCL for growing new heart valves.",https://www.youtube.com/results?search_query=PLCL+tissue+engineering
Poly(4-vinylphenol) (PVPh),Thermoplastic,"Organic thin-film transistors",1.16,150,Amorphous,N/A,N/A,111198,https://en.wikipedia.org/wiki/Poly(4-vinylphenol),(C8H8O)n,Hard to recycle,"It acts as an excellent dielectric (insulating) layer in printed, flexible electronics.",https://www.youtube.com/results?search_query=Polyvinylphenol
Linear Poly(ethylene imine) (L-PEI),Smart Polymer,"Non-viral gene therapy",1.05,-50,73,N/A,N/A,111198,https://en.wikipedia.org/wiki/Polyethylenimine,(C2H5N)n,Water Soluble,"Unlike branched PEI, linear PEI is solid at room temperature and is a gold standard for cell transfection.",https://www.youtube.com/results?search_query=Linear+Polyethylenimine
Polymethacrylimide (PMI) Foam,Thermoset,"Helicopter rotor blades; Radar domes",0.05,200,Amorphous,2 MPa,3%,111198,https://en.wikipedia.org/wiki/Polymethacrylimide,Complex,Not recyclable,"PMI foam (Rohacell) is one of the lightest, stiffest structural core materials in aerospace.",https://www.youtube.com/results?search_query=Rohacell+PMI+foam
Poly(vinyl butyrate),Thermoplastic,"Inks; Specialty Coatings",1.05,10,Amorphous,10 MPa,100%,111198,https://en.wikipedia.org/wiki/Polyvinyl_butyral,(C6H10O2)n,Hard to recycle,"Used as a low-toxicity binder in specialty printing inks.",https://www.youtube.com/results?search_query=Polyvinyl+butyrate
Poly(hexafluoropropylene oxide) (PFPE),Liquid Polymer,"Vacuum pump oils; Space lubricants",1.90,-90,Amorphous,N/A,N/A,111198,https://en.wikipedia.org/wiki/Krytox,(C3F6O)n,Hard to recycle,"PFPE (Krytox) is a liquid polymer that will not burn, even in 100% liquid oxygen environments!",https://www.youtube.com/results?search_query=PFPE+Krytox
Poly(cyclohexyl methacrylate) (PCHMA),Thermoplastic,"Optical discs; Lenses",1.10,104,Amorphous,45 MPa,5%,111198,https://en.wikipedia.org/wiki/Poly(methyl_methacrylate),(C10H16O2)n,Can be recycled,"PCHMA has almost zero water absorption, making it highly dimensionally stable for optics.",https://www.youtube.com/results?search_query=Polycyclohexyl+methacrylate